,MAPE,MAE,RMSE,Parameters
0,1.0585568075627163,2.580308205428171,4.0459436080764695,"{'changepoint_prior_scale': 0.05, 'fourier_order': 1, 'n_changepoints': 100, 'seasonality_mode': 'multiplicative'}"
1,2.70110845518631,6.5621808019045025,9.660320400887992,"{'changepoint_prior_scale': 0.05, 'fourier_order': 1, 'n_changepoints': 100, 'seasonality_mode': 'additive'}"
2,1.0771018719178844,2.623309689739249,4.083651924203263,"{'changepoint_prior_scale': 0.05, 'fourier_order': 1, 'n_changepoints': 150, 'seasonality_mode': 'multiplicative'}"
3,2.677227078061405,6.50441634455015,9.597784991184751,"{'changepoint_prior_scale': 0.05, 'fourier_order': 1, 'n_changepoints': 150, 'seasonality_mode': 'additive'}"
4,1.0099562018957489,2.4610746430653276,3.821142994470494,"{'changepoint_prior_scale': 0.05, 'fourier_order': 1, 'n_changepoints': 200, 'seasonality_mode': 'multiplicative'}"
5,2.6492966325795617,6.437272203349666,9.527810148561594,"{'changepoint_prior_scale': 0.05, 'fourier_order': 1, 'n_changepoints': 200, 'seasonality_mode': 'additive'}"
6,1.0530891854669533,2.569263014385723,4.0102062579161,"{'changepoint_prior_scale': 0.05, 'fourier_order': 2, 'n_changepoints': 100, 'seasonality_mode': 'multiplicative'}"
7,2.683224416671543,6.520123500039301,9.607001066854563,"{'changepoint_prior_scale': 0.05, 'fourier_order': 2, 'n_changepoints': 100, 'seasonality_mode': 'additive'}"
8,1.0443445316871107,2.5418023530215375,3.959789794853107,"{'changepoint_prior_scale': 0.05, 'fourier_order': 2, 'n_changepoints': 150, 'seasonality_mode': 'multiplicative'}"
9,2.680929853577503,6.513173273452849,9.597348054501948,"{'changepoint_prior_scale': 0.05, 'fourier_order': 2, 'n_changepoints': 150, 'seasonality_mode': 'additive'}"
10,1.0728212490860807,2.6105513332688406,4.061600146709523,"{'changepoint_prior_scale': 0.05, 'fourier_order': 2, 'n_changepoints': 200, 'seasonality_mode': 'multiplicative'}"
11,2.684580435032312,6.519930979581259,9.603455369758745,"{'changepoint_prior_scale': 0.05, 'fourier_order': 2, 'n_changepoints': 200, 'seasonality_mode': 'additive'}"
12,1.0242846464183648,2.4961491627574235,3.8834910818798614,"{'changepoint_prior_scale': 0.05, 'fourier_order': 3, 'n_changepoints': 100, 'seasonality_mode': 'multiplicative'}"
13,2.709179957985723,6.586038923461791,9.68623004773687,"{'changepoint_prior_scale': 0.05, 'fourier_order': 3, 'n_changepoints': 100, 'seasonality_mode': 'additive'}"
14,1.0026808820531397,2.437008613433078,3.7958851938514897,"{'changepoint_prior_scale': 0.05, 'fourier_order': 3, 'n_changepoints': 150, 'seasonality_mode': 'multiplicative'}"
15,2.685583147736891,6.526001361598108,9.612602329358921,"{'changepoint_prior_scale': 0.05, 'fourier_order': 3, 'n_changepoints': 150, 'seasonality_mode': 'additive'}"
16,1.0479180231344856,2.5507672067390113,3.970809360937303,"{'changepoint_prior_scale': 0.05, 'fourier_order': 3, 'n_changepoints': 200, 'seasonality_mode': 'multiplicative'}"
17,2.668162856259346,6.481434883601556,9.5593435103542,"{'changepoint_prior_scale': 0.05, 'fourier_order': 3, 'n_changepoints': 200, 'seasonality_mode': 'additive'}"
18,1.0611528720894228,2.58579979686149,4.046376944266997,"{'changepoint_prior_scale': 0.05, 'fourier_order': 4, 'n_changepoints': 100, 'seasonality_mode': 'multiplicative'}"
19,2.683469725214534,6.516209658262618,9.588663911612,"{'changepoint_prior_scale': 0.05, 'fourier_order': 4, 'n_changepoints': 100, 'seasonality_mode': 'additive'}"
20,1.0751598583578599,2.6158569850004834,4.059410657366542,"{'changepoint_prior_scale': 0.05, 'fourier_order': 4, 'n_changepoints': 150, 'seasonality_mode': 'multiplicative'}"
21,2.6763921384621034,6.498303714532328,9.569082629170845,"{'changepoint_prior_scale': 0.05, 'fourier_order': 4, 'n_changepoints': 150, 'seasonality_mode': 'additive'}"
22,1.0803909237598854,2.63234452479247,4.106266033817116,"{'changepoint_prior_scale': 0.05, 'fourier_order': 4, 'n_changepoints': 200, 'seasonality_mode': 'multiplicative'}"
23,2.684315939292074,6.514720479094128,9.586548754515833,"{'changepoint_prior_scale': 0.05, 'fourier_order': 4, 'n_changepoints': 200, 'seasonality_mode': 'additive'}"
24,1.081587876053864,2.6370196726316117,4.111408591877033,"{'changepoint_prior_scale': 0.05, 'fourier_order': 5, 'n_changepoints': 100, 'seasonality_mode': 'multiplicative'}"
25,2.658269900187971,6.45563765986915,9.526325213509079,"{'changepoint_prior_scale': 0.05, 'fourier_order': 5, 'n_changepoints': 100, 'seasonality_mode': 'additive'}"
26,1.0565313029919159,2.5703520947497123,3.981329163401276,"{'changepoint_prior_scale': 0.05, 'fourier_order': 5, 'n_changepoints': 150, 'seasonality_mode': 'multiplicative'}"
27,2.672895478031,6.490305265807255,9.558901463079527,"{'changepoint_prior_scale': 0.05, 'fourier_order': 5, 'n_changepoints': 150, 'seasonality_mode': 'additive'}"
28,1.062538985536469,2.588557847338085,4.0322554180425705,"{'changepoint_prior_scale': 0.05, 'fourier_order': 5, 'n_changepoints': 200, 'seasonality_mode': 'multiplicative'}"
29,2.6985458856173987,6.550107611115854,9.625410758507572,"{'changepoint_prior_scale': 0.05, 'fourier_order': 5, 'n_changepoints': 200, 'seasonality_mode': 'additive'}"
30,1.0096256927660021,2.4643016917473517,3.8644844839244232,"{'changepoint_prior_scale': 0.1, 'fourier_order': 1, 'n_changepoints': 100, 'seasonality_mode': 'multiplicative'}"
31,1.9696939367314443,4.773581210175845,7.588065383614669,"{'changepoint_prior_scale': 0.1, 'fourier_order': 1, 'n_changepoints': 100, 'seasonality_mode': 'additive'}"
32,0.9799962696195619,2.385007291253981,3.7115065722153067,"{'changepoint_prior_scale': 0.1, 'fourier_order': 1, 'n_changepoints': 150, 'seasonality_mode': 'multiplicative'}"
33,1.970881737145076,4.776481463824691,7.592722778235375,"{'changepoint_prior_scale': 0.1, 'fourier_order': 1, 'n_changepoints': 150, 'seasonality_mode': 'additive'}"
34,0.9460147762485412,2.3039550326176137,3.557314585622537,"{'changepoint_prior_scale': 0.1, 'fourier_order': 1, 'n_changepoints': 200, 'seasonality_mode': 'multiplicative'}"
35,1.9586772164753703,4.747629888872741,7.543262049755229,"{'changepoint_prior_scale': 0.1, 'fourier_order': 1, 'n_changepoints': 200, 'seasonality_mode': 'additive'}"
36,1.0212636909567836,2.4944892747252356,3.891120585248584,"{'changepoint_prior_scale': 0.1, 'fourier_order': 2, 'n_changepoints': 100, 'seasonality_mode': 'multiplicative'}"
37,1.965539133516515,4.763722298015378,7.554013696518539,"{'changepoint_prior_scale': 0.1, 'fourier_order': 2, 'n_changepoints': 100, 'seasonality_mode': 'additive'}"
38,0.9835542583735125,2.400978912530878,3.7567421927207563,"{'changepoint_prior_scale': 0.1, 'fourier_order': 2, 'n_changepoints': 150, 'seasonality_mode': 'multiplicative'}"
39,1.9836707343669058,4.807470026661586,7.611959055194351,"{'changepoint_prior_scale': 0.1, 'fourier_order': 2, 'n_changepoints': 150, 'seasonality_mode': 'additive'}"
40,0.9530803904119654,2.3263058484478796,3.633825610403596,"{'changepoint_prior_scale': 0.1, 'fourier_order': 2, 'n_changepoints': 200, 'seasonality_mode': 'multiplicative'}"
41,1.9638917470423516,4.759991643484313,7.545965856021332,"{'changepoint_prior_scale': 0.1, 'fourier_order': 2, 'n_changepoints': 200, 'seasonality_mode': 'additive'}"
42,0.9879101520494056,2.4111679156616566,3.7580265790227045,"{'changepoint_prior_scale': 0.1, 'fourier_order': 3, 'n_changepoints': 100, 'seasonality_mode': 'multiplicative'}"
43,1.9614244494240904,4.754124690426147,7.537598669117545,"{'changepoint_prior_scale': 0.1, 'fourier_order': 3, 'n_changepoints': 100, 'seasonality_mode': 'additive'}"
44,0.9799081863046306,2.3927933943563997,3.7344981831125614,"{'changepoint_prior_scale': 0.1, 'fourier_order': 3, 'n_changepoints': 150, 'seasonality_mode': 'multiplicative'}"
45,1.9755160908708265,4.788228979982753,7.58755294210492,"{'changepoint_prior_scale': 0.1, 'fourier_order': 3, 'n_changepoints': 150, 'seasonality_mode': 'additive'}"
46,0.9582852145917307,2.3352912345433334,3.643948650477062,"{'changepoint_prior_scale': 0.1, 'fourier_order': 3, 'n_changepoints': 200, 'seasonality_mode': 'multiplicative'}"
47,1.9604808102707922,4.752455406227613,7.529933513294233,"{'changepoint_prior_scale': 0.1, 'fourier_order': 3, 'n_changepoints': 200, 'seasonality_mode': 'additive'}"
48,0.9644243058800517,2.3536109616846503,3.6645637072155846,"{'changepoint_prior_scale': 0.1, 'fourier_order': 4, 'n_changepoints': 100, 'seasonality_mode': 'multiplicative'}"
49,1.970624299095151,4.773434794536517,7.560204753271002,"{'changepoint_prior_scale': 0.1, 'fourier_order': 4, 'n_changepoints': 100, 'seasonality_mode': 'additive'}"
50,1.012172304277698,2.4723080178168204,3.864746895209678,"{'changepoint_prior_scale': 0.1, 'fourier_order': 4, 'n_changepoints': 150, 'seasonality_mode': 'multiplicative'}"
51,1.9841876744028837,4.8054668210042,7.608561849907774,"{'changepoint_prior_scale': 0.1, 'fourier_order': 4, 'n_changepoints': 150, 'seasonality_mode': 'additive'}"
52,0.9584424389849072,2.3383283382822664,3.6582748185436267,"{'changepoint_prior_scale': 0.1, 'fourier_order': 4, 'n_changepoints': 200, 'seasonality_mode': 'multiplicative'}"
53,1.9558455531200951,4.737616509017191,7.505604887729147,"{'changepoint_prior_scale': 0.1, 'fourier_order': 4, 'n_changepoints': 200, 'seasonality_mode': 'additive'}"
54,0.9937688221405108,2.429465612601932,3.7793293057998145,"{'changepoint_prior_scale': 0.1, 'fourier_order': 5, 'n_changepoints': 100, 'seasonality_mode': 'multiplicative'}"
55,1.9509130223531252,4.724617676893659,7.489998739973735,"{'changepoint_prior_scale': 0.1, 'fourier_order': 5, 'n_changepoints': 100, 'seasonality_mode': 'additive'}"
56,0.9695252389924895,2.365244387540557,3.6936199200206503,"{'changepoint_prior_scale': 0.1, 'fourier_order': 5, 'n_changepoints': 150, 'seasonality_mode': 'multiplicative'}"
57,1.980982732509676,4.798136065525215,7.595221899657258,"{'changepoint_prior_scale': 0.1, 'fourier_order': 5, 'n_changepoints': 150, 'seasonality_mode': 'additive'}"
58,0.9700348577359984,2.3654720716371496,3.692061145436238,"{'changepoint_prior_scale': 0.1, 'fourier_order': 5, 'n_changepoints': 200, 'seasonality_mode': 'multiplicative'}"
59,1.9547484490610971,4.7349189966250025,7.500472261811587,"{'changepoint_prior_scale': 0.1, 'fourier_order': 5, 'n_changepoints': 200, 'seasonality_mode': 'additive'}"
60,0.9337650695838189,2.281148629021549,3.537925003373379,"{'changepoint_prior_scale': 0.5, 'fourier_order': 1, 'n_changepoints': 100, 'seasonality_mode': 'multiplicative'}"
61,1.1513379200656106,2.8034152190157697,4.498917782778515,"{'changepoint_prior_scale': 0.5, 'fourier_order': 1, 'n_changepoints': 100, 'seasonality_mode': 'additive'}"
62,0.9173906417753714,2.246111554370513,3.4834480057159154,"{'changepoint_prior_scale': 0.5, 'fourier_order': 1, 'n_changepoints': 150, 'seasonality_mode': 'multiplicative'}"
63,1.1536673884024649,2.8071073958932025,4.516190984935646,"{'changepoint_prior_scale': 0.5, 'fourier_order': 1, 'n_changepoints': 150, 'seasonality_mode': 'additive'}"
64,0.9572533394701738,2.344643317144124,3.6848882927474818,"{'changepoint_prior_scale': 0.5, 'fourier_order': 1, 'n_changepoints': 200, 'seasonality_mode': 'multiplicative'}"
65,1.1177362651919753,2.7247886428294175,4.370405619600039,"{'changepoint_prior_scale': 0.5, 'fourier_order': 1, 'n_changepoints': 200, 'seasonality_mode': 'additive'}"
66,0.9511647251255889,2.3256027045437695,3.6502893913848786,"{'changepoint_prior_scale': 0.5, 'fourier_order': 2, 'n_changepoints': 100, 'seasonality_mode': 'multiplicative'}"
67,1.0811531452422278,2.627627902947754,4.186634329248522,"{'changepoint_prior_scale': 0.5, 'fourier_order': 2, 'n_changepoints': 100, 'seasonality_mode': 'additive'}"
68,0.9088401408983041,2.226140403464978,3.4636880321061927,"{'changepoint_prior_scale': 0.5, 'fourier_order': 2, 'n_changepoints': 150, 'seasonality_mode': 'multiplicative'}"
69,1.12725069266308,2.746239284923322,4.394053632302838,"{'changepoint_prior_scale': 0.5, 'fourier_order': 2, 'n_changepoints': 150, 'seasonality_mode': 'additive'}"
70,0.9032363962880205,2.21573613690112,3.444331003739867,"{'changepoint_prior_scale': 0.5, 'fourier_order': 2, 'n_changepoints': 200, 'seasonality_mode': 'multiplicative'}"
71,1.1319132530106026,2.7595752278525207,4.459695165462436,"{'changepoint_prior_scale': 0.5, 'fourier_order': 2, 'n_changepoints': 200, 'seasonality_mode': 'additive'}"
72,0.9411054215476676,2.2999062392398213,3.57921913379763,"{'changepoint_prior_scale': 0.5, 'fourier_order': 3, 'n_changepoints': 100, 'seasonality_mode': 'multiplicative'}"
73,1.1137594482425053,2.714125993796463,4.352866010549934,"{'changepoint_prior_scale': 0.5, 'fourier_order': 3, 'n_changepoints': 100, 'seasonality_mode': 'additive'}"
74,0.9239943397270843,2.2643014428303303,3.4640031201704566,"{'changepoint_prior_scale': 0.5, 'fourier_order': 3, 'n_changepoints': 150, 'seasonality_mode': 'multiplicative'}"
75,1.1363333860010179,2.7649006635511575,4.438862298361083,"{'changepoint_prior_scale': 0.5, 'fourier_order': 3, 'n_changepoints': 150, 'seasonality_mode': 'additive'}"
76,0.9335606227988024,2.2906715898584333,3.6020851051154166,"{'changepoint_prior_scale': 0.5, 'fourier_order': 3, 'n_changepoints': 200, 'seasonality_mode': 'multiplicative'}"
77,1.0895117210171907,2.6575047181794162,4.2300496033924375,"{'changepoint_prior_scale': 0.5, 'fourier_order': 3, 'n_changepoints': 200, 'seasonality_mode': 'additive'}"
78,0.991354519377365,2.4237244196436825,3.737462328409791,"{'changepoint_prior_scale': 0.5, 'fourier_order': 4, 'n_changepoints': 100, 'seasonality_mode': 'multiplicative'}"
79,1.1313566757806843,2.7579599055594444,4.430352614840011,"{'changepoint_prior_scale': 0.5, 'fourier_order': 4, 'n_changepoints': 100, 'seasonality_mode': 'additive'}"
80,0.9115224587366219,2.2321790907020294,3.456875544167654,"{'changepoint_prior_scale': 0.5, 'fourier_order': 4, 'n_changepoints': 150, 'seasonality_mode': 'multiplicative'}"
81,1.1049518951753359,2.6898611861244355,4.282048919623305,"{'changepoint_prior_scale': 0.5, 'fourier_order': 4, 'n_changepoints': 150, 'seasonality_mode': 'additive'}"
82,0.9210675481616226,2.2565582178995087,3.5009556527311863,"{'changepoint_prior_scale': 0.5, 'fourier_order': 4, 'n_changepoints': 200, 'seasonality_mode': 'multiplicative'}"
83,1.1021453385752273,2.688908861106035,4.2997138223770035,"{'changepoint_prior_scale': 0.5, 'fourier_order': 4, 'n_changepoints': 200, 'seasonality_mode': 'additive'}"
84,0.9455918185590286,2.30984673500019,3.6069846691502745,"{'changepoint_prior_scale': 0.5, 'fourier_order': 5, 'n_changepoints': 100, 'seasonality_mode': 'multiplicative'}"
85,1.1250769949454713,2.738137061402688,4.362220473478973,"{'changepoint_prior_scale': 0.5, 'fourier_order': 5, 'n_changepoints': 100, 'seasonality_mode': 'additive'}"
86,0.9379196146762624,2.295895818344872,3.5917686027646765,"{'changepoint_prior_scale': 0.5, 'fourier_order': 5, 'n_changepoints': 150, 'seasonality_mode': 'multiplicative'}"
87,1.1377776541426596,2.771148296511256,4.4477604826297075,"{'changepoint_prior_scale': 0.5, 'fourier_order': 5, 'n_changepoints': 150, 'seasonality_mode': 'additive'}"
88,0.953763596732503,2.335601437815965,3.6596548680435426,"{'changepoint_prior_scale': 0.5, 'fourier_order': 5, 'n_changepoints': 200, 'seasonality_mode': 'multiplicative'}"
89,1.08153231585219,2.6374797276476794,4.198217526133003,"{'changepoint_prior_scale': 0.5, 'fourier_order': 5, 'n_changepoints': 200, 'seasonality_mode': 'additive'}"
90,0.9679621350019416,2.366474087995545,3.730147583169589,"{'changepoint_prior_scale': 1, 'fourier_order': 1, 'n_changepoints': 100, 'seasonality_mode': 'multiplicative'}"
91,1.0825456839503316,2.6428778173234724,4.247076974408,"{'changepoint_prior_scale': 1, 'fourier_order': 1, 'n_changepoints': 100, 'seasonality_mode': 'additive'}"
92,0.9120014115239825,2.233923317330508,3.4655098876224213,"{'changepoint_prior_scale': 1, 'fourier_order': 1, 'n_changepoints': 150, 'seasonality_mode': 'multiplicative'}"
93,1.061050599675316,2.5889585443009357,4.115412838444067,"{'changepoint_prior_scale': 1, 'fourier_order': 1, 'n_changepoints': 150, 'seasonality_mode': 'additive'}"
94,0.8862158567938501,2.1730259737706605,3.35602563034695,"{'changepoint_prior_scale': 1, 'fourier_order': 1, 'n_changepoints': 200, 'seasonality_mode': 'multiplicative'}"
95,1.0794416808830227,2.636447965971547,4.191891904290171,"{'changepoint_prior_scale': 1, 'fourier_order': 1, 'n_changepoints': 200, 'seasonality_mode': 'additive'}"
96,0.9217127037524866,2.2527448594089745,3.522731676605743,"{'changepoint_prior_scale': 1, 'fourier_order': 2, 'n_changepoints': 100, 'seasonality_mode': 'multiplicative'}"
97,1.0525607469680704,2.5717775723780885,4.106893068981755,"{'changepoint_prior_scale': 1, 'fourier_order': 2, 'n_changepoints': 100, 'seasonality_mode': 'additive'}"
98,0.9376421354080245,2.2900762324078685,3.43857944124499,"{'changepoint_prior_scale': 1, 'fourier_order': 2, 'n_changepoints': 150, 'seasonality_mode': 'multiplicative'}"
99,1.066844439854277,2.606120292846318,4.143696671329412,"{'changepoint_prior_scale': 1, 'fourier_order': 2, 'n_changepoints': 150, 'seasonality_mode': 'additive'}"
100,0.8974854815719172,2.198984655514487,3.4243369802915042,"{'changepoint_prior_scale': 1, 'fourier_order': 2, 'n_changepoints': 200, 'seasonality_mode': 'multiplicative'}"
101,1.0312885528907836,2.5238739796088527,4.010323218883213,"{'changepoint_prior_scale': 1, 'fourier_order': 2, 'n_changepoints': 200, 'seasonality_mode': 'additive'}"
102,0.9548433687257583,2.3359798747552154,3.676779707607895,"{'changepoint_prior_scale': 1, 'fourier_order': 3, 'n_changepoints': 100, 'seasonality_mode': 'multiplicative'}"
103,1.0455683787391647,2.5545795385003416,4.072488859391951,"{'changepoint_prior_scale': 1, 'fourier_order': 3, 'n_changepoints': 100, 'seasonality_mode': 'additive'}"
104,0.8852436189113444,2.1705419853825556,3.3625664589896203,"{'changepoint_prior_scale': 1, 'fourier_order': 3, 'n_changepoints': 150, 'seasonality_mode': 'multiplicative'}"
105,1.0724013932975733,2.6230749797914643,4.137602645003842,"{'changepoint_prior_scale': 1, 'fourier_order': 3, 'n_changepoints': 150, 'seasonality_mode': 'additive'}"
106,0.9232075202667599,2.26314734994164,3.5484938859287976,"{'changepoint_prior_scale': 1, 'fourier_order': 3, 'n_changepoints': 200, 'seasonality_mode': 'multiplicative'}"
107,1.0447873873198095,2.5553634580798947,4.058274381910208,"{'changepoint_prior_scale': 1, 'fourier_order': 3, 'n_changepoints': 200, 'seasonality_mode': 'additive'}"
108,0.9226275456177182,2.25582038931783,3.519332926531408,"{'changepoint_prior_scale': 1, 'fourier_order': 4, 'n_changepoints': 100, 'seasonality_mode': 'multiplicative'}"
109,1.0780273002936258,2.6336662789753387,4.212211767500015,"{'changepoint_prior_scale': 1, 'fourier_order': 4, 'n_changepoints': 100, 'seasonality_mode': 'additive'}"
110,0.9257921894022574,2.2681282629792063,3.5330830890287532,"{'changepoint_prior_scale': 1, 'fourier_order': 4, 'n_changepoints': 150, 'seasonality_mode': 'multiplicative'}"
111,1.077649199298374,2.6300119229555223,4.194493259652906,"{'changepoint_prior_scale': 1, 'fourier_order': 4, 'n_changepoints': 150, 'seasonality_mode': 'additive'}"
112,0.933091391178629,2.2857925564671606,3.5833794165994477,"{'changepoint_prior_scale': 1, 'fourier_order': 4, 'n_changepoints': 200, 'seasonality_mode': 'multiplicative'}"
113,1.0573447436388277,2.586142765302345,4.118646811816374,"{'changepoint_prior_scale': 1, 'fourier_order': 4, 'n_changepoints': 200, 'seasonality_mode': 'additive'}"
114,0.9349145183498636,2.2865383313449854,3.4979429513524227,"{'changepoint_prior_scale': 1, 'fourier_order': 5, 'n_changepoints': 100, 'seasonality_mode': 'multiplicative'}"
115,1.0958605640190924,2.6749359863479762,4.300071767541159,"{'changepoint_prior_scale': 1, 'fourier_order': 5, 'n_changepoints': 100, 'seasonality_mode': 'additive'}"
116,0.9217960729896878,2.255920197179275,3.500394721589018,"{'changepoint_prior_scale': 1, 'fourier_order': 5, 'n_changepoints': 150, 'seasonality_mode': 'multiplicative'}"
117,1.0550298646855116,2.5775542850603537,4.113452938477824,"{'changepoint_prior_scale': 1, 'fourier_order': 5, 'n_changepoints': 150, 'seasonality_mode': 'additive'}"
118,0.9576072633056342,2.345684573011814,3.668578446132123,"{'changepoint_prior_scale': 1, 'fourier_order': 5, 'n_changepoints': 200, 'seasonality_mode': 'multiplicative'}"
119,1.028253975039155,2.5158879391035827,3.9993768859884367,"{'changepoint_prior_scale': 1, 'fourier_order': 5, 'n_changepoints': 200, 'seasonality_mode': 'additive'}"
120,0.9244363524186434,2.2602266309678978,3.529940995007576,"{'changepoint_prior_scale': 1.5, 'fourier_order': 1, 'n_changepoints': 100, 'seasonality_mode': 'multiplicative'}"
121,1.040370036229209,2.5449246456998087,4.076070470707284,"{'changepoint_prior_scale': 1.5, 'fourier_order': 1, 'n_changepoints': 100, 'seasonality_mode': 'additive'}"
122,0.9222084881687594,2.2570738250799547,3.5210299159678904,"{'changepoint_prior_scale': 1.5, 'fourier_order': 1, 'n_changepoints': 150, 'seasonality_mode': 'multiplicative'}"
123,1.0260208070630632,2.520598075345883,3.8969377638101443,"{'changepoint_prior_scale': 1.5, 'fourier_order': 1, 'n_changepoints': 150, 'seasonality_mode': 'additive'}"
124,0.9083512715416178,2.2282537331475623,3.4896833622899246,"{'changepoint_prior_scale': 1.5, 'fourier_order': 1, 'n_changepoints': 200, 'seasonality_mode': 'multiplicative'}"
125,1.0237862107172326,2.508044966723506,3.9759606388230493,"{'changepoint_prior_scale': 1.5, 'fourier_order': 1, 'n_changepoints': 200, 'seasonality_mode': 'additive'}"
126,0.9610643016803959,2.3514805689260037,3.693960686181456,"{'changepoint_prior_scale': 1.5, 'fourier_order': 2, 'n_changepoints': 100, 'seasonality_mode': 'multiplicative'}"
127,1.058046943208759,2.5856716831276714,4.132111785547273,"{'changepoint_prior_scale': 1.5, 'fourier_order': 2, 'n_changepoints': 100, 'seasonality_mode': 'additive'}"
128,0.9393634742226056,2.2996318822327795,3.6103312121251294,"{'changepoint_prior_scale': 1.5, 'fourier_order': 2, 'n_changepoints': 150, 'seasonality_mode': 'multiplicative'}"
129,1.0642744042594354,2.601442674361242,4.139077295506468,"{'changepoint_prior_scale': 1.5, 'fourier_order': 2, 'n_changepoints': 150, 'seasonality_mode': 'additive'}"
130,0.9154022517823881,2.2464013212639338,3.509495529048636,"{'changepoint_prior_scale': 1.5, 'fourier_order': 2, 'n_changepoints': 200, 'seasonality_mode': 'multiplicative'}"
131,1.0444414641308484,2.5545141456387244,4.064232540952543,"{'changepoint_prior_scale': 1.5, 'fourier_order': 2, 'n_changepoints': 200, 'seasonality_mode': 'additive'}"
132,0.943901271045632,2.3090868259418516,3.6195106860921213,"{'changepoint_prior_scale': 1.5, 'fourier_order': 3, 'n_changepoints': 100, 'seasonality_mode': 'multiplicative'}"
133,1.0621295997597109,2.5945932528948563,4.152699392065008,"{'changepoint_prior_scale': 1.5, 'fourier_order': 3, 'n_changepoints': 100, 'seasonality_mode': 'additive'}"
134,0.9258837357567242,2.267512700292218,3.546781371877612,"{'changepoint_prior_scale': 1.5, 'fourier_order': 3, 'n_changepoints': 150, 'seasonality_mode': 'multiplicative'}"
135,1.079684208980577,2.6356756816714135,4.204970389592345,"{'changepoint_prior_scale': 1.5, 'fourier_order': 3, 'n_changepoints': 150, 'seasonality_mode': 'additive'}"
136,0.9100168210112346,2.2306860735646925,3.4897132782392917,"{'changepoint_prior_scale': 1.5, 'fourier_order': 3, 'n_changepoints': 200, 'seasonality_mode': 'multiplicative'}"
137,0.9782063411035493,2.4003577663541784,3.7303207640279314,"{'changepoint_prior_scale': 1.5, 'fourier_order': 3, 'n_changepoints': 200, 'seasonality_mode': 'additive'}"
138,0.9385223560774609,2.2910915663782023,3.538619064882708,"{'changepoint_prior_scale': 1.5, 'fourier_order': 4, 'n_changepoints': 100, 'seasonality_mode': 'multiplicative'}"
139,1.016739642911411,2.488537109366835,3.947415926839396,"{'changepoint_prior_scale': 1.5, 'fourier_order': 4, 'n_changepoints': 100, 'seasonality_mode': 'additive'}"
140,0.9223729861547334,2.2612671055597247,3.491727093124508,"{'changepoint_prior_scale': 1.5, 'fourier_order': 4, 'n_changepoints': 150, 'seasonality_mode': 'multiplicative'}"
141,1.0601660587436528,2.590131559466258,4.127024520742223,"{'changepoint_prior_scale': 1.5, 'fourier_order': 4, 'n_changepoints': 150, 'seasonality_mode': 'additive'}"
142,0.9138764001200554,2.2398554939022324,3.509012523065608,"{'changepoint_prior_scale': 1.5, 'fourier_order': 4, 'n_changepoints': 200, 'seasonality_mode': 'multiplicative'}"
143,1.0308065224772434,2.5231172495700194,3.956974048870955,"{'changepoint_prior_scale': 1.5, 'fourier_order': 4, 'n_changepoints': 200, 'seasonality_mode': 'additive'}"
144,0.9313500264531945,2.2762823939371444,3.5356533868983524,"{'changepoint_prior_scale': 1.5, 'fourier_order': 5, 'n_changepoints': 100, 'seasonality_mode': 'multiplicative'}"
145,1.0620150468876037,2.5947680201703247,4.136561244948987,"{'changepoint_prior_scale': 1.5, 'fourier_order': 5, 'n_changepoints': 100, 'seasonality_mode': 'additive'}"
146,0.8991953287434079,2.201057628016508,3.371291879277538,"{'changepoint_prior_scale': 1.5, 'fourier_order': 5, 'n_changepoints': 150, 'seasonality_mode': 'multiplicative'}"
147,1.083466617338884,2.645806629668062,4.223436382825454,"{'changepoint_prior_scale': 1.5, 'fourier_order': 5, 'n_changepoints': 150, 'seasonality_mode': 'additive'}"
148,0.8744335943433235,2.145336135402051,3.3228775197650324,"{'changepoint_prior_scale': 1.5, 'fourier_order': 5, 'n_changepoints': 200, 'seasonality_mode': 'multiplicative'}"
149,1.0575052766386057,2.585688562994506,4.1323798477279094,"{'changepoint_prior_scale': 1.5, 'fourier_order': 5, 'n_changepoints': 200, 'seasonality_mode': 'additive'}"
150,0.9377660642225956,2.2929434531917767,3.6093766350803067,"{'changepoint_prior_scale': 2, 'fourier_order': 1, 'n_changepoints': 100, 'seasonality_mode': 'multiplicative'}"
151,1.009841021793908,2.4784743974716266,3.8695250243535044,"{'changepoint_prior_scale': 2, 'fourier_order': 1, 'n_changepoints': 100, 'seasonality_mode': 'additive'}"
152,0.8771631049173483,2.150850878243154,3.3267965025766997,"{'changepoint_prior_scale': 2, 'fourier_order': 1, 'n_changepoints': 150, 'seasonality_mode': 'multiplicative'}"
153,1.106900214538842,2.7011024160173305,4.292939871099146,"{'changepoint_prior_scale': 2, 'fourier_order': 1, 'n_changepoints': 150, 'seasonality_mode': 'additive'}"
154,0.8977125743841038,2.2044173449571236,3.4288072679251513,"{'changepoint_prior_scale': 2, 'fourier_order': 1, 'n_changepoints': 200, 'seasonality_mode': 'multiplicative'}"
155,1.0120904771366444,2.487326995519444,3.8985652620827955,"{'changepoint_prior_scale': 2, 'fourier_order': 1, 'n_changepoints': 200, 'seasonality_mode': 'additive'}"
156,0.9088688847519143,2.22256992627231,3.4609411205011638,"{'changepoint_prior_scale': 2, 'fourier_order': 2, 'n_changepoints': 100, 'seasonality_mode': 'multiplicative'}"
157,1.0730821615429786,2.622425402526499,4.196288066711803,"{'changepoint_prior_scale': 2, 'fourier_order': 2, 'n_changepoints': 100, 'seasonality_mode': 'additive'}"
158,0.9193587009389149,2.2543799472673287,3.484555055101038,"{'changepoint_prior_scale': 2, 'fourier_order': 2, 'n_changepoints': 150, 'seasonality_mode': 'multiplicative'}"
159,1.0804469160329293,2.6399444859556134,4.204224560973119,"{'changepoint_prior_scale': 2, 'fourier_order': 2, 'n_changepoints': 150, 'seasonality_mode': 'additive'}"
160,0.9099922324851595,2.2307049601037994,3.4855301418305173,"{'changepoint_prior_scale': 2, 'fourier_order': 2, 'n_changepoints': 200, 'seasonality_mode': 'multiplicative'}"
161,0.9771077850734732,2.3958621708195498,3.763862603332335,"{'changepoint_prior_scale': 2, 'fourier_order': 2, 'n_changepoints': 200, 'seasonality_mode': 'additive'}"
162,0.9252804118937868,2.26215578918302,3.529591890514878,"{'changepoint_prior_scale': 2, 'fourier_order': 3, 'n_changepoints': 100, 'seasonality_mode': 'multiplicative'}"
163,1.0124756197675782,2.484264427159649,3.9101939980786042,"{'changepoint_prior_scale': 2, 'fourier_order': 3, 'n_changepoints': 100, 'seasonality_mode': 'additive'}"
164,0.885515366810226,2.1719423921939565,3.3157647046308787,"{'changepoint_prior_scale': 2, 'fourier_order': 3, 'n_changepoints': 150, 'seasonality_mode': 'multiplicative'}"
165,1.0200179908772968,2.4987762705100525,3.9476589099454507,"{'changepoint_prior_scale': 2, 'fourier_order': 3, 'n_changepoints': 150, 'seasonality_mode': 'additive'}"
166,0.902331759502026,2.2144207785869034,3.4487982801232437,"{'changepoint_prior_scale': 2, 'fourier_order': 3, 'n_changepoints': 200, 'seasonality_mode': 'multiplicative'}"
167,1.0159669378797238,2.4891879595108732,3.95190271600187,"{'changepoint_prior_scale': 2, 'fourier_order': 3, 'n_changepoints': 200, 'seasonality_mode': 'additive'}"
168,0.9349817517456396,2.2852459642077387,3.5750995521851223,"{'changepoint_prior_scale': 2, 'fourier_order': 4, 'n_changepoints': 100, 'seasonality_mode': 'multiplicative'}"
169,1.0749716977960722,2.626253114099925,4.218336188701828,"{'changepoint_prior_scale': 2, 'fourier_order': 4, 'n_changepoints': 100, 'seasonality_mode': 'additive'}"
170,0.920772936783383,2.253845611738001,3.511888783692925,"{'changepoint_prior_scale': 2, 'fourier_order': 4, 'n_changepoints': 150, 'seasonality_mode': 'multiplicative'}"
171,1.0495915973320702,2.5723028720056824,4.055680402261074,"{'changepoint_prior_scale': 2, 'fourier_order': 4, 'n_changepoints': 150, 'seasonality_mode': 'additive'}"
172,0.9510023331292521,2.3310822963812137,3.6545893410662647,"{'changepoint_prior_scale': 2, 'fourier_order': 4, 'n_changepoints': 200, 'seasonality_mode': 'multiplicative'}"
173,1.0079537143687103,2.4674946480463658,3.9193709934050966,"{'changepoint_prior_scale': 2, 'fourier_order': 4, 'n_changepoints': 200, 'seasonality_mode': 'additive'}"
174,0.9451897690941843,2.310606845611202,3.6235324649711917,"{'changepoint_prior_scale': 2, 'fourier_order': 5, 'n_changepoints': 100, 'seasonality_mode': 'multiplicative'}"
175,1.0165026621089763,2.4898357900092525,3.8989254444798696,"{'changepoint_prior_scale': 2, 'fourier_order': 5, 'n_changepoints': 100, 'seasonality_mode': 'additive'}"
176,0.8984796482203053,2.2025175555044587,3.400585807212202,"{'changepoint_prior_scale': 2, 'fourier_order': 5, 'n_changepoints': 150, 'seasonality_mode': 'multiplicative'}"
177,1.032053035156539,2.5241800927177818,3.9929620741465577,"{'changepoint_prior_scale': 2, 'fourier_order': 5, 'n_changepoints': 150, 'seasonality_mode': 'additive'}"
178,0.913404173300637,2.2394928703705532,3.4982761777655256,"{'changepoint_prior_scale': 2, 'fourier_order': 5, 'n_changepoints': 200, 'seasonality_mode': 'multiplicative'}"
179,1.029139902646532,2.521859217285698,3.9923276934696244,"{'changepoint_prior_scale': 2, 'fourier_order': 5, 'n_changepoints': 200, 'seasonality_mode': 'additive'}"
